{"schemaVersion":"1.0","appDefinitionTemplate":{"id":"/providers/Microsoft.PowerApps/apps/","type":"Microsoft.PowerApps/apps","tags":{"primaryDeviceWidth":"640","primaryDeviceHeight":"1136","supportsPortrait":"true","supportsLandscape":"true","primaryFormFactor":"Phone","showStatusBar":"false","publisherVersion":"3.25022.11","minimumRequiredApiVersion":"2.2.0","hasComponent":"false","hasUnlockedComponent":"false","isUnifiedRootApp":"false","sienaVersion":"20250228T143816Z-3.25022.11.0"},"properties":{"appVersion":"2025-02-28T14:38:16Z","lifeCycleId":"Published","createdByClientVersion":{"major":3,"minor":25022,"build":11,"revision":0,"majorRevision":0,"minorRevision":0},"minClientVersion":{"major":3,"minor":25022,"build":11,"revision":0,"majorRevision":0,"minorRevision":0},"backgroundColor":"RGBA(0,176,240,1)","backgroundImageUri":"/7901201348167083962/N480ecdad-dd66-4114-af50-53474fe12adf-logoSmallFile","displayName":"Coffee Machines","description":"","commitMessage":"","appUris":{"documentUri":{"value":"/7901201348167083962/N50602c0f-fd2c-4d33-9b29-fcc2e7976306-document.msapp"},"imageUris":[],"additionalUris":[{"isSolutionAware":false,"value":"/7901201348167083962/Nde967bba-cc41-4ccb-afb4-dfbb1320b880-identity.json"}]},"createdTime":"0001-01-01T00:00:00Z","lastModifiedTime":"0001-01-01T00:00:00Z","sharedGroupsCount":0,"sharedUsersCount":0,"connectionReferences":{"31475b56-6160-4b90-87f6-4dabfd6199a8":{"id":"f7ac4ddb-e593-44a2-8b1b-cd524871a035","displayName":"Excel","iconUri":"https://connectoricons-prod.azureedge.net/releases/v1.0.1718/1.0.1718.3944/excel/icon.png","dataSources":["CoffeeMachines"],"dependencies":["35b55566-adab-4f95-9911-80f64ceaa760"],"dependents":[],"parameterHints":{"35b55566-adab-4f95-9911-80f64ceaa760":{"value":"fileSource"}},"parameterHintsV2":{"fileSource":{"value":"35b55566-adab-4f95-9911-80f64ceaa760"}},"isOnPremiseConnection":false,"bypassConsent":false,"dataSets":{"b!RKdwe46WIEONAYBa7iRosfQNAA11JfJClB0EA2wwsZzSYi4ysJRjTLo-me4av2BW.01TV66FAIATCFLXN3VJRCJQV7MDKGVY5CF":{"dataSources":{"CoffeeMachines":{"tableName":"CoffeeMachines"}}}},"apiTier":"Standard","isCustomApiConnection":false,"actions":["providers/PowerPlatform.Governance/Operations/Read","providers/PowerPlatform.Governance/Operations/Write","providers/PowerPlatform.Governance/Operations/Delete"]},"35b55566-adab-4f95-9911-80f64ceaa760":{"id":"c32901e1-a8b1-4b1d-9ee9-d69f3d1c4b8d","displayName":"OneDrive for Business","iconUri":"https://conn-afd-prod-endpoint-bmc9bqahasf3grgk.b01.azurefd.net/releases/v1.0.1732/1.0.1732.4070/onedriveforbusiness/icon.png","dataSources":[],"dependencies":[],"dependents":["31475b56-6160-4b90-87f6-4dabfd6199a8"],"parameterHints":{},"parameterHintsV2":{},"isOnPremiseConnection":false,"bypassConsent":false,"dataSets":{},"apiTier":"Standard","isCustomApiConnection":false}},"databaseReferences":{},"almMode":"Environment","performanceOptimizationEnabled":true,"canConsumeAppPass":false,"enableModernRuntimeMode":false,"executionRestrictions":{"isTeamsOnly":false,"dataLossPreventionEvaluationResult":{"status":"Compliant","lastEvaluationDate":"2025-02-28T14:38:23.9143026Z","violations":[],"violationsByPolicy":[],"violationErrorMessage":"O aplicativo usa os seguintes conectores: shared_excel, shared_onedriveforbusiness."}}},"isAppComponentLibrary":false,"appType":"ClassicCanvasApp","appComponents":[]}}