{"schemaVersion":"1.0","appDefinitionTemplate":{"id":"/providers/Microsoft.PowerApps/apps/","type":"Microsoft.PowerApps/apps","tags":{"primaryDeviceWidth":"1366","primaryDeviceHeight":"768","supportsPortrait":"true","supportsLandscape":"true","primaryFormFactor":"Tablet","showStatusBar":"false","publisherVersion":"3.25022.11","minimumRequiredApiVersion":"2.2.0","hasComponent":"false","hasUnlockedComponent":"false","isUnifiedRootApp":"false","sienaVersion":"20250228T145553Z-3.25022.11.0"},"properties":{"appVersion":"2025-02-28T14:55:53Z","lifeCycleId":"Published","createdByClientVersion":{"major":3,"minor":25022,"build":11,"revision":0,"majorRevision":0,"minorRevision":0},"minClientVersion":{"major":3,"minor":25022,"build":11,"revision":0,"majorRevision":0,"minorRevision":0},"backgroundColor":"RGBA(0,176,240,1)","backgroundImageUri":"/15982505132036353159/N8f8306b7-0121-4354-94f9-f34b8b3da5fc-logoSmallFile","displayName":"Contoso Coffee Machines","description":"","commitMessage":"","appUris":{"documentUri":{"value":"/15982505132036353159/N39b5066e-40eb-4746-abb3-de5759c3e7c0-document.msapp"},"imageUris":[],"additionalUris":[{"isSolutionAware":false,"value":"/15982505132036353159/Ne4f265f5-4d3b-4fc1-8683-39be77a536aa-identity.json"}]},"createdTime":"0001-01-01T00:00:00Z","lastModifiedTime":"0001-01-01T00:00:00Z","sharedGroupsCount":0,"sharedUsersCount":0,"connectionReferences":{"579bb5c7-536a-4d0b-bdfb-a2a6f0f750ea":{"id":"f7ac4ddb-e593-44a2-8b1b-cd524871a035","displayName":"Excel","iconUri":"https://connectoricons-prod.azureedge.net/releases/v1.0.1718/1.0.1718.3944/excel/icon.png","dataSources":["CoffeeMachines"],"dependencies":["d9484a96-d50b-43de-8df1-324922707a45"],"dependents":[],"parameterHints":{"d9484a96-d50b-43de-8df1-324922707a45":{"value":"fileSource"}},"parameterHintsV2":{"fileSource":{"value":"d9484a96-d50b-43de-8df1-324922707a45"}},"isOnPremiseConnection":false,"bypassConsent":false,"dataSets":{"b!RKdwe46WIEONAYBa7iRosfQNAA11JfJClB0EA2wwsZzSYi4ysJRjTLo-me4av2BW.01TV66FAIATCFLXN3VJRCJQV7MDKGVY5CF":{"dataSources":{"CoffeeMachines":{"tableName":"CoffeeMachines"}}}},"apiTier":"Standard","isCustomApiConnection":false,"actions":["providers/PowerPlatform.Governance/Operations/Read"]},"d9484a96-d50b-43de-8df1-324922707a45":{"id":"c32901e1-a8b1-4b1d-9ee9-d69f3d1c4b8d","displayName":"OneDrive for Business","iconUri":"https://conn-afd-prod-endpoint-bmc9bqahasf3grgk.b01.azurefd.net/releases/v1.0.1732/1.0.1732.4070/onedriveforbusiness/icon.png","dataSources":[],"dependencies":[],"dependents":["579bb5c7-536a-4d0b-bdfb-a2a6f0f750ea"],"parameterHints":{},"parameterHintsV2":{},"isOnPremiseConnection":false,"bypassConsent":false,"dataSets":{},"apiTier":"Standard","isCustomApiConnection":false}},"databaseReferences":{},"almMode":"Environment","performanceOptimizationEnabled":true,"canConsumeAppPass":false,"enableModernRuntimeMode":false,"executionRestrictions":{"isTeamsOnly":false,"dataLossPreventionEvaluationResult":{"status":"Compliant","lastEvaluationDate":"2025-02-28T14:56:01.7372889Z","violations":[],"violationsByPolicy":[],"violationErrorMessage":"O aplicativo usa os seguintes conectores: shared_excel, shared_onedriveforbusiness."}}},"isAppComponentLibrary":false,"appType":"ClassicCanvasApp","appComponents":[]}}